tissue,tau,n_switching,n_switching_reference,jaccard_gene,jaccard_gene_bracket
Artery - Tibial,0.4,3249,893,0.12006489994591671,0.0014506769825918763
Artery - Tibial,0.45,1905,893,0.3050373134328358,0.058245083207261725
Artery - Tibial,0.55,294,893,0.24815983175604628,0.05230496453900709
Artery - Tibial,0.6,67,893,0.04461371055495103,0.0020876826722338203
Colon - Sigmoid,0.4,3923,2423,0.18772225341568408,0.03136681293677881
Colon - Sigmoid,0.45,3333,2423,0.37473131120133746,0.15235235235235237
Colon - Sigmoid,0.55,1331,2423,0.33262335818246364,0.17532874139010646
Colon - Sigmoid,0.6,483,2423,0.09495101733232857,0.029766123316796598
Nerve - Tibial,0.4,3672,1144,0.10155535224153706,0.0033333333333333335
Nerve - Tibial,0.45,2294,1144,0.27664314890456737,0.06242274412855377
Nerve - Tibial,0.55,433,1144,0.23977987421383648,0.07060420909708079
Nerve - Tibial,0.6,90,1144,0.03523489932885906,0.002437043054427295
Colon - Transverse,0.4,5065,1659,0.2167933405718422,0.060233364869126456
Colon - Transverse,0.45,3344,1659,0.4269823160296634,0.29076367389060886
Colon - Transverse,0.55,571,1659,0.31718842291789723,0.27210496292070735
Colon - Transverse,0.6,111,1659,0.059880239520958084,0.04363207547169811
Brain - Cerebellar Hemisphere,0.4,5549,5673,0.2253767198078183,0.031908045977011495
Brain - Cerebellar Hemisphere,0.45,6000,5673,0.5104813664596274,0.1756470943700272
Brain - Cerebellar Hemisphere,0.55,4513,5673,0.5692497303959329,0.22090375164808823
Brain - Cerebellar Hemisphere,0.6,2935,5673,0.322679778733866,0.06679885983393233
Liver,0.4,5335,2254,0.19398993077407176,0.16969790382244143
Liver,0.45,3935,2254,0.4243958573072497,0.4168956043956044
Liver,0.55,934,2254,0.34288121314237574,0.3423157894736842
Liver,0.6,264,2254,0.0881590319792567,0.0876889848812095
Thyroid,0.4,2648,1057,0.060085836909871244,0.0005401026194977045
Thyroid,0.45,1865,1057,0.2412914188615123,0.05070118662351672
Thyroid,0.55,426,1057,0.19789983844911146,0.05102763997165131
Thyroid,0.6,106,1057,0.025573192239858905,0.0008605851979345956
Whole Blood,0.4,514,25,0.04660194174757282,0.0
Whole Blood,0.45,168,25,0.1488095238095238,0.0
Whole Blood,0.55,0,25,0.0,0.0
Whole Blood,0.6,0,25,0.0,0.0
Lung,0.4,1913,528,0.08248337028824834,0.0
Lung,0.45,1135,528,0.28516228748068007,0.022126613398893668
Lung,0.55,181,528,0.2961608775137112,0.041116005873715125
Lung,0.6,33,528,0.05056179775280899,0.0
Ovary,0.4,5432,3300,0.2535170829744473,0.04150763358778626
Ovary,0.45,4631,3300,0.46707362190159085,0.18496937098461078
Ovary,0.55,1878,3300,0.4284137931034483,0.21435272045028142
Ovary,0.6,751,3300,0.15314545972103616,0.06269674711437566
Artery - Aorta,0.4,4171,1361,0.1451045332229352,0.0180345969819654
Artery - Aorta,0.45,2698,1361,0.33212996389891697,0.09940411700975081
Artery - Aorta,0.55,420,1361,0.2215363511659808,0.08004851425106124
Artery - Aorta,0.6,66,1361,0.026618705035971222,0.0035161744022503515
Muscle - Skeletal,0.4,310,14,0.01567398119122257,0.0
Muscle - Skeletal,0.45,66,14,0.1267605633802817,0.03896103896103896
Muscle - Skeletal,0.55,1,14,0.07142857142857142,0.07142857142857142
Muscle - Skeletal,0.6,0,14,0.0,0.0
Brain - Cerebellum,0.4,5942,4318,0.21997621878715815,0.005685159772593609
Brain - Cerebellum,0.45,5717,4318,0.5097036256958026,0.09337546306384834
Brain - Cerebellum,0.55,2653,4318,0.5405524861878453,0.07743431221020093
Brain - Cerebellum,0.6,1349,4318,0.27205387205387205,0.005500354861603975
