tissue,seed_index,random_state,real_switching,smote_switching,delta_switching,ratio_switching,jaccard_real_vs_smote,n_samples_real,n_samples_after_smote,n_synthetic,k_neighbors
Nerve - Tibial,0,531681084,1144,1144,0,1.0,1.0,670,670,0,
Nerve - Tibial,1,527728711,1144,1144,0,1.0,1.0,670,670,0,
Nerve - Tibial,2,3906313492,1144,1144,0,1.0,1.0,670,670,0,
Nerve - Tibial,3,2183782236,1144,1144,0,1.0,1.0,670,670,0,
Nerve - Tibial,4,2448855394,1144,1144,0,1.0,1.0,670,670,0,
Nerve - Tibial,5,2327310218,1144,1144,0,1.0,1.0,670,670,0,
Nerve - Tibial,6,3007030298,1144,1144,0,1.0,1.0,670,670,0,
Nerve - Tibial,7,3032348983,1144,1144,0,1.0,1.0,670,670,0,
Nerve - Tibial,8,1600932810,1144,1144,0,1.0,1.0,670,670,0,
Nerve - Tibial,9,871563500,1144,1144,0,1.0,1.0,670,670,0,
Nerve - Tibial,10,2476004320,1144,1144,0,1.0,1.0,670,670,0,
Nerve - Tibial,11,349721491,1144,1144,0,1.0,1.0,670,670,0,
Nerve - Tibial,12,2744140962,1144,1144,0,1.0,1.0,670,670,0,
Nerve - Tibial,13,1328923085,1144,1144,0,1.0,1.0,670,670,0,
Nerve - Tibial,14,308638356,1144,1144,0,1.0,1.0,670,670,0,
Nerve - Tibial,15,658489973,1144,1144,0,1.0,1.0,670,670,0,
Nerve - Tibial,16,3556141998,1144,1144,0,1.0,1.0,670,670,0,
Nerve - Tibial,17,2977408857,1144,1144,0,1.0,1.0,670,670,0,
Nerve - Tibial,18,1795149145,1144,1144,0,1.0,1.0,670,670,0,
Nerve - Tibial,19,513258208,1144,1144,0,1.0,1.0,670,670,0,
