version,tissue,tau,epsilon,normalization_mode,n_samples,n_min_age_bin,observed_switching,n_bootstrap,observed_gene_exact_stability_mean,observed_genes_stable_0_80,observed_genes_stable_0_90,n_20_29,n_30_39,n_40_49,n_50_59,n_60_69,n_70_79,bootstrap_mean,bootstrap_std,bootstrap_median,bootstrap_q025,bootstrap_q975,bootstrap_min,bootstrap_max
v10,Adipose - Subcutaneous,0.5,0.01,fixed,714,23,84,1000,0.4520595238095237,4,1,57,60,109,232,233,23,185.625,112.65387374728962,163.5,60.0,441.2499999999998,22,1679
v10,Adipose - Visceral (Omentum),0.5,0.01,fixed,587,21,39,1000,0.46669230769230763,1,0,53,52,90,196,175,21,165.564,195.24420658294628,95.0,11.0,753.2999999999997,3,1716
v10,Adrenal Gland,0.5,0.01,fixed,295,5,991,1000,0.3741210898082744,4,1,25,22,51,103,89,5,1328.842,516.6882869020952,1259.5,488.925,2528.1749999999997,236,3979
v10,Artery - Aorta,0.5,0.01,fixed,472,9,1361,1000,0.5469412196914033,107,28,39,42,77,161,144,9,1798.043,576.6857980396784,1694.5,982.925,3208.075,662,5442
v10,Artery - Coronary,0.5,0.01,fixed,268,6,784,1000,0.4294311224489796,30,12,16,13,42,105,86,6,1509.841,642.2491227356053,1395.5,560.325,2916.075,316,4479
v10,Artery - Tibial,0.5,0.01,fixed,691,21,893,1000,0.5910817469204928,142,61,59,60,118,224,209,21,965.098,163.03544078190777,955.0,675.85,1305.1,540,1696
v10,Bladder,0.5,0.01,fixed,77,1,4969,1000,0.7377422016502314,2609,2097,12,9,20,23,12,1,5105.991,843.1372007320387,4878.0,4026.975,7285.324999999999,3408,9870
v10,Brain - Amygdala,0.5,0.01,fixed,181,3,1638,1000,0.4705628815628815,31,11,3,5,15,57,91,10,3304.443,2750.3845276253282,1677.0,705.0,10718.824999999999,634,11028
v10,Brain - Anterior cingulate cortex (BA24),0.5,0.01,fixed,233,7,1417,1000,0.4972399435426958,76,20,7,7,25,62,119,13,1846.758,989.7067509565088,1593.0,669.975,4380.1,413,8022
v10,Brain - Caudate (basal ganglia),0.5,0.01,fixed,300,6,3064,1000,0.6479663838120104,707,321,6,9,31,86,153,15,3560.962,1378.8960957951106,3444.5,1451.975,6427.474999999999,1138,7685
v10,Brain - Cerebellar Hemisphere,0.5,0.01,fixed,277,7,5673,1000,0.5413275163053058,563,135,8,7,26,88,133,15,5478.611,1199.4697166999592,5489.0,3073.25,7628.474999999999,1805,8797
v10,Brain - Cerebellum,0.5,0.01,fixed,266,8,4318,1000,0.4987216303844371,159,28,8,9,24,81,131,13,4253.776,1182.6687199402566,4206.0,2260.9,6644.349999999999,1257,7524
v10,Brain - Cortex,0.5,0.01,fixed,270,7,2378,1000,0.4858595458368377,113,22,7,8,25,84,129,17,2742.581,1044.501075123877,2614.5,1114.975,5002.05,747,6370
v10,Brain - Frontal Cortex (BA9),0.5,0.01,fixed,269,5,1449,1000,0.40885852311939264,30,7,5,8,23,83,138,12,1820.358,1096.4775998455066,1515.0,534.625,4484.2,324,6668
v10,Brain - Hippocampus,0.5,0.01,fixed,255,4,3455,1000,0.6728862518089725,880,465,4,8,25,75,128,15,3844.569,775.3529463608367,3685.0,2741.95,5498.049999999998,2153,6699
v10,Brain - Hypothalamus,0.5,0.01,fixed,257,4,1690,1000,0.476221301775148,11,3,4,8,21,82,131,11,2961.292,1989.2239664564484,2328.0,477.75,7737.624999999999,258,9169
v10,Brain - Nucleus accumbens (basal ganglia),0.5,0.01,fixed,285,8,1566,1000,0.4668703703703703,37,2,8,8,24,88,141,16,2033.955,961.4798107092013,1978.5,414.0,3983.225,253,5114
v10,Brain - Putamen (basal ganglia),0.5,0.01,fixed,254,5,131,1000,0.4505038167938932,0,0,5,8,22,82,126,11,539.884,568.024036331078,332.5,29.975,2052.6749999999993,18,4785
v10,Brain - Spinal cord (cervical c-1),0.5,0.01,fixed,204,3,6414,1000,0.5961613657623948,924,446,3,5,19,61,102,14,6531.1,1216.2836807225492,6513.5,4186.925,9040.35,3515,9614
v10,Brain - Substantia nigra,0.5,0.01,fixed,183,4,2288,1000,0.5639667832167831,165,59,4,7,16,51,97,8,3309.084,1618.2342237596347,2915.0,1174.975,7047.075,1051,8782
v10,Breast - Mammary Tissue,0.5,0.01,fixed,514,18,147,1000,0.44916326530612244,4,1,45,56,86,151,158,18,197.866,93.3888940374043,177.5,68.975,428.1249999999999,41,615
v10,Cells - Cultured fibroblasts,0.5,0.01,fixed,652,21,549,1000,0.4667231329690346,33,10,60,53,106,202,210,21,708.167,193.81638192088124,676.0,426.85,1179.4499999999996,282,1907
v10,Cells - EBV-transformed lymphocytes,0.5,0.01,fixed,327,8,1321,1000,0.4202013626040878,55,14,37,32,58,102,90,8,1697.89,352.8330299830885,1653.0,1139.9,2517.1749999999997,939,3405
v10,Colon - Sigmoid,0.5,0.01,fixed,419,14,2423,1000,0.5842736277342138,452,195,40,42,63,121,139,14,2466.122,606.3589450863954,2418.0,1421.9,3728.1499999999996,1065,4499
v10,Colon - Transverse,0.5,0.01,fixed,479,11,1659,1000,0.6983068113321278,463,149,61,53,85,156,113,11,2072.617,999.0168291555133,2096.0,261.77500000000003,3811.1749999999997,112,4782
v10,Esophagus - Gastroesophageal Junction,0.5,0.01,fixed,403,12,1130,1000,0.4438752212389381,25,1,39,36,73,142,101,12,1232.49,312.4614184792069,1182.5,783.95,1964.0,567,3340
v10,Esophagus - Mucosa,0.5,0.01,fixed,614,17,730,1000,0.5397287671232877,66,23,62,56,112,197,170,17,812.323,215.57294906218493,772.0,514.875,1326.025,382,2464
v10,Esophagus - Muscularis,0.5,0.01,fixed,561,13,645,1000,0.5372387596899225,71,23,67,55,102,175,149,13,825.448,222.15473441280074,797.0,460.85,1346.05,317,1652
v10,Heart - Atrial Appendage,0.5,0.01,fixed,461,15,170,1000,0.4246470588235294,0,0,15,17,63,166,181,19,314.418,249.22199517474152,242.0,25.975,908.2999999999997,7,1783
v10,Heart - Left Ventricle,0.5,0.01,fixed,452,14,289,1000,0.5881003460207613,26,5,20,25,67,159,167,14,356.43,206.9499538134362,327.0,55.95,856.4999999999995,15,1202
v10,Kidney - Cortex,0.5,0.01,fixed,104,1,994,1000,0.9106730382293763,832,781,1,8,10,37,41,7,1578.136,810.0735761044812,1270.0,941.0,3748.05,896,8818
v10,Liver,0.5,0.01,fixed,262,6,2254,1000,0.618913487133984,311,104,8,18,38,99,93,6,3236.165,1710.1577428062828,2844.5,1012.5,7294.375,617,11216
v10,Lung,0.5,0.01,fixed,604,22,528,1000,0.49410227272727264,19,1,35,44,94,211,198,22,603.897,173.47699749436424,590.5,298.725,962.025,164,1213
v10,Minor Salivary Gland,0.5,0.01,fixed,181,2,1754,1000,0.5968893956670467,107,95,17,16,33,56,57,2,2783.97,1337.2913808655678,2208.0,1302.975,5097.15,1136,6906
v10,Muscle - Skeletal,0.5,0.01,fixed,818,28,14,1000,0.5434285714285715,3,0,71,64,121,261,273,28,22.528,18.785049749577297,17.0,6.0,71.02499999999998,3,259
v10,Nerve - Tibial,0.5,0.01,fixed,670,23,1144,1000,0.5908697552447552,197,76,58,59,99,204,227,23,1291.529,334.92739140971514,1257.5,752.95,2063.1,563,2605
v10,Ovary,0.5,0.01,fixed,193,5,3300,1000,0.5175872727272728,211,61,26,15,40,62,45,5,3558.738,695.1718732006419,3498.0,2386.875,4927.025,2080,5753
v10,Pancreas,0.5,0.01,fixed,362,5,1029,1000,0.6437638483965015,137,52,37,36,73,126,85,5,2095.005,1704.371614870588,1536.0,353.9,6944.125,250,9203
v10,Pituitary,0.5,0.01,fixed,313,8,425,1000,0.3461129411764706,2,0,8,8,27,98,152,20,991.795,790.3528481631477,755.0,269.95,3401.7249999999995,112,5797
v10,Prostate,0.5,0.01,fixed,282,7,652,1000,0.46269785276073616,14,3,31,32,44,81,87,7,1516.892,1211.2257304508132,1092.5,298.975,4659.775,155,7621
v10,Skin - Not Sun Exposed (Suprapubic),0.5,0.01,fixed,651,26,225,1000,0.5197333333333333,14,4,53,57,98,201,216,26,327.451,138.4171987865667,298.5,143.95,682.0999999999999,107,1071
v10,Skin - Sun Exposed (Lower leg),0.5,0.01,fixed,754,29,389,1000,0.483892030848329,19,3,65,61,105,237,257,29,490.684,203.90445107738373,447.5,219.975,987.025,149,1849
v10,Small Intestine - Terminal Ileum,0.5,0.01,fixed,207,4,2374,1000,0.6075429654591407,127,29,33,24,44,61,41,4,3971.353,2576.817184666812,3617.5,471.95,9498.075,312,10167
v10,Spleen,0.5,0.01,fixed,277,4,945,1000,0.523552380952381,26,12,28,35,53,93,64,4,2418.763,1691.3356677999116,2125.5,680.95,6475.224999999999,599,9307
v10,Stomach,0.5,0.01,fixed,407,7,63,1000,0.466047619047619,2,0,56,42,72,138,92,7,253.352,388.1927532936566,156.5,37.0,1219.1499999999999,15,3750
v10,Testis,0.5,0.01,fixed,414,10,1146,1000,0.43993891797556717,22,3,41,35,59,139,130,10,1345.635,375.1614744438811,1296.5,754.6750000000001,2136.6999999999994,557,3820
v10,Thyroid,0.5,0.01,fixed,684,22,1057,1000,0.5559791863765374,155,49,51,51,111,225,224,22,1232.38,337.1021587968037,1202.5,671.875,1992.05,494,2648
v10,Uterus,0.5,0.01,fixed,153,2,3195,1000,0.623731455399061,330,269,21,17,36,47,30,2,3786.626,746.1714105337311,3714.0,2693.65,5099.125,2437,5520
v10,Vagina,0.5,0.01,fixed,170,5,3575,1000,0.5886061538461538,488,193,17,13,39,53,43,5,4377.771,1612.1270074181646,4260.0,1946.525,7694.174999999999,1594,9549
v10,Whole Blood,0.5,0.01,fixed,803,26,25,1000,0.4613600000000001,0,0,70,66,116,256,269,26,37.481,32.72574848057128,29.0,1.0,119.02499999999998,0,276
