version,tissue,tau,epsilon,n_samples,n_genes_input,n_genes_after_epsilon,n_age_brackets,n_min_age_bin,observed_switching,observed_up,observed_down,empirical_p_value,z_score_descriptive,n_permutations,n_20_29,n_30_39,n_40_49,n_50_59,n_60_69,n_70_79,null_mean,null_std,null_median,null_q025,null_q975,null_min,null_max,q_value_bh,significant_bh_0_05,bh_family_size,bh_applied,bh_family_scope
v10,Adipose - Subcutaneous,0.5,0.01,714,59033,56867,6,23,84,33,51,0.6641,-0.5446473799036817,9999,57,60,109,232,233,23,131.51885188518852,87.24700354492113,108.0,38.0,366.0,10,959,0.6917708333333333,False,50,True,all_complete_tissues
v10,Adipose - Visceral (Omentum),0.5,0.01,587,59033,56562,6,21,39,31,8,0.3162,-0.040069975775486044,9999,53,52,90,196,175,21,41.523452345234524,62.97613852759848,21.0,1.0,209.0,0,1182,0.4083333333333333,False,50,True,all_complete_tissues
v10,Adrenal Gland,0.5,0.01,295,59033,55113,6,5,991,138,853,0.3071,0.23637116474238845,9999,25,22,51,103,89,5,843.2050205020502,625.2665364619484,667.0,135.95000000000002,2482.0499999999993,27,4478,0.4083333333333333,False,50,True,all_complete_tissues
v10,Artery - Aorta,0.5,0.01,472,59033,56241,6,9,1361,606,755,0.0104,3.349829939129777,9999,39,42,77,161,144,9,505.55975597559757,255.36826035014477,444.0,188.0,1178.0,102,2112,0.04727272727272727,True,50,True,all_complete_tissues
v10,Artery - Coronary,0.5,0.01,268,59033,55361,6,6,784,166,618,0.3593,0.16990292581375324,9999,16,13,42,105,86,6,721.3813381338134,368.55552408102056,649.0,218.0,1636.0,54,4171,0.42604651162790697,False,50,True,all_complete_tissues
v10,Artery - Tibial,0.5,0.01,691,59033,56728,6,21,893,313,580,0.0002,7.959796670609001,9999,59,60,118,224,209,21,213.56565656565655,85.35825367789955,195.0,105.0,430.0,57,895,0.006666666666666667,True,50,True,all_complete_tissues
v10,Bladder,0.5,0.01,77,59033,51919,6,1,4969,4377,592,0.5308,-0.19584541683352977,9999,12,9,20,23,12,1,5396.862586258626,2184.6954254860743,5100.0,2210.55,10750.099999999999,1256,12456,0.5897777777777778,False,50,True,all_complete_tissues
v10,Brain - Amygdala,0.5,0.01,181,59033,54012,6,3,1638,10,1628,0.246,0.19262775627171072,9999,3,5,15,57,91,10,1282.816681668167,1843.8844183536557,491.0,30.0,6796.449999999993,6,13883,0.3429166666666667,False,50,True,all_complete_tissues
v10,Brain - Anterior cingulate cortex (BA24),0.5,0.01,233,59033,54896,6,7,1417,10,1407,0.1616,0.623675171857755,9999,7,7,25,62,119,13,784.9224922492249,1013.472294989701,411.0,31.0,3813.2499999999964,5,8926,0.2565625,False,50,True,all_complete_tissues
v10,Brain - Caudate (basal ganglia),0.5,0.01,300,59033,55433,6,6,3064,51,3013,0.0171,3.5959932398616186,9999,6,9,31,86,153,15,457.7226722672267,724.7725882357522,151.0,5.0,2699.2499999999964,0,7598,0.06107142857142857,False,50,True,all_complete_tissues
v10,Brain - Cerebellar Hemisphere,0.5,0.01,277,59033,55173,6,7,5673,19,5654,0.0025,4.366677050747713,9999,8,7,26,88,133,15,1419.7757775777577,974.0184980462333,1161.0,270.0,3955.0,8,7193,0.021666666666666667,True,50,True,all_complete_tissues
v10,Brain - Cerebellum,0.5,0.01,266,59033,55364,6,8,4318,25,4293,0.0127,3.082710564962687,9999,8,9,24,81,131,13,1619.5957595759576,875.3349312431166,1432.0,451.95000000000005,3779.199999999997,98,6573,0.048846153846153845,True,50,True,all_complete_tissues
v10,Brain - Cortex,0.5,0.01,270,59033,55487,6,7,2378,42,2336,0.1122,1.2478911375185209,9999,7,8,25,84,129,17,1103.8875887588758,1021.0124689039345,774.0,100.0,3894.0999999999985,7,7476,0.21576923076923074,False,50,True,all_complete_tissues
v10,Brain - Frontal Cortex (BA9),0.5,0.01,269,59033,55269,6,5,1449,19,1430,0.2003,0.5974131875511182,9999,5,8,23,83,138,12,887.00100010001,940.7207802085925,550.0,37.0,3525.0999999999985,3,6941,0.3034848484848485,False,50,True,all_complete_tissues
v10,Brain - Hippocampus,0.5,0.01,255,59033,55524,6,4,3455,5,3450,0.0288,3.011194442202619,9999,4,8,25,75,128,15,528.6167616761676,971.8346969926162,119.0,6.0,3634.149999999998,1,8470,0.08,False,50,True,all_complete_tissues
v10,Brain - Hypothalamus,0.5,0.01,257,59033,55316,6,4,1690,146,1544,0.1286,0.8771704698423353,9999,4,8,21,82,131,11,727.0351035103511,1097.8081565636091,279.0,7.0,3938.0499999999993,0,10744,0.22964285714285712,False,50,True,all_complete_tissues
v10,Brain - Nucleus accumbens (basal ganglia),0.5,0.01,285,59033,55438,6,8,1566,14,1552,0.1241,1.0117368840215417,9999,8,8,24,88,141,16,663.6622662266227,891.8699594964701,316.0,9.0,3331.0999999999985,0,8087,0.22964285714285712,False,50,True,all_complete_tissues
v10,Brain - Putamen (basal ganglia),0.5,0.01,254,59033,54784,6,5,131,4,127,0.4409,-0.3375358234065893,9999,5,8,22,82,126,11,368.47104710471046,703.5432408567115,98.0,5.0,2440.0999999999985,0,8313,0.5010227272727273,False,50,True,all_complete_tissues
v10,Brain - Spinal cord (cervical c-1),0.5,0.01,204,59033,54408,6,3,6414,26,6388,0.052,2.1266373718057014,9999,3,5,19,61,102,14,2033.4862486248626,2059.8310786082434,1313.0,56.0,7461.6499999999905,10,11248,0.11304347826086956,False,50,True,all_complete_tissues
v10,Brain - Substantia nigra,0.5,0.01,183,59033,54082,6,4,2288,9,2279,0.0434,2.239526602173668,9999,4,7,16,51,97,8,541.2028202820283,779.9850102349948,250.0,14.0,2891.349999999995,1,8292,0.1085,False,50,True,all_complete_tissues
v10,Breast - Mammary Tissue,0.5,0.01,514,59033,56837,6,18,147,4,143,0.3664,-0.07772719393960521,9999,45,56,86,151,158,18,159.78977897789778,164.54703083499405,108.0,22.0,634.0,7,1849,0.42604651162790697,False,50,True,all_complete_tissues
v10,Cells - Cultured fibroblasts,0.5,0.01,652,59033,56133,6,21,549,493,56,0.0695,1.5607691902439027,9999,60,53,106,202,210,21,334.66586658665864,137.32596386006773,305.0,162.95000000000002,687.0499999999993,89,1540,0.1414,False,50,True,all_complete_tissues
v10,Cells - EBV-transformed lymphocytes,0.5,0.01,327,59033,55727,6,8,1321,1153,168,0.1642,0.9479472930771227,9999,37,32,58,102,90,8,1042.3905390539053,293.9081771537141,997.0,600.0,1724.0,383,2913,0.2565625,False,50,True,all_complete_tissues
v10,Colon - Sigmoid,0.5,0.01,419,59033,56146,6,14,2423,2037,386,0.0004,5.8375297069352055,9999,40,42,63,121,139,14,651.5027502750276,303.4669352723579,582.0,274.0,1440.0999999999985,152,2853,0.006666666666666667,True,50,True,all_complete_tissues
v10,Colon - Transverse,0.5,0.01,479,59033,56342,6,11,1659,1565,94,0.0008,7.762262272679698,9999,61,53,85,156,113,11,179.18101810181017,190.64274433326057,116.0,29.0,709.1999999999971,8,2281,0.01,True,50,True,all_complete_tissues
v10,Esophagus - Gastroesophageal Junction,0.5,0.01,403,59033,55855,6,12,1130,48,1082,0.0707,1.712173512532753,9999,39,36,73,142,101,12,543.8909890989099,342.31869995119905,454.0,146.0,1452.0,24,2921,0.1414,False,50,True,all_complete_tissues
v10,Esophagus - Mucosa,0.5,0.01,614,59033,56416,6,17,730,94,636,0.027,2.6455827877470384,9999,62,56,112,197,170,17,263.4816481648165,176.33859503314488,213.0,84.0,744.0999999999985,38,1685,0.07941176470588236,False,50,True,all_complete_tissues
v10,Esophagus - Muscularis,0.5,0.01,561,59033,56472,6,13,645,236,409,0.1417,0.9735190833702903,9999,67,55,102,175,149,13,382.24242424242425,269.9049050460499,299.0,101.0,1116.0,32,2442,0.23616666666666666,False,50,True,all_complete_tissues
v10,Heart - Atrial Appendage,0.5,0.01,461,59033,56061,6,15,170,6,164,0.3464,-0.009808670964248836,9999,15,17,63,166,181,19,172.04250425042505,208.2345567375725,99.0,4.0,761.0,0,1871,0.42604651162790697,False,50,True,all_complete_tissues
v10,Heart - Left Ventricle,0.5,0.01,452,59033,55431,6,14,289,7,282,0.0197,3.389936090179908,9999,20,25,67,159,167,14,32.42794279427943,75.68639950144428,5.0,0.0,250.0,0,1473,0.0628125,False,50,True,all_complete_tissues
v10,Kidney - Cortex,0.5,0.01,104,59033,52701,6,1,994,96,898,0.6415,-0.5955259415173908,9999,1,8,10,37,41,7,3487.680668066807,4187.358592159642,1445.0,246.0,14219.0,187,20005,0.6824468085106382,False,50,True,all_complete_tissues
v10,Liver,0.5,0.01,262,59033,54271,6,6,2254,600,1654,0.0026,5.174943992349171,9999,8,18,38,99,93,6,415.32643264326435,355.3030854198807,315.0,43.0,1328.0499999999993,5,4625,0.021666666666666667,True,50,True,all_complete_tissues
v10,Lung,0.5,0.01,604,59033,56839,6,22,528,19,509,0.0061,4.0011853224623675,9999,35,44,94,211,198,22,142.2209220922092,96.41619840552117,118.0,32.0,393.0499999999993,10,846,0.033888888888888885,True,50,True,all_complete_tissues
v10,Minor Salivary Gland,0.5,0.01,181,59033,54566,6,2,1754,1051,703,0.7245,-0.7077946493968407,9999,17,16,33,56,57,2,3093.4602460246024,1892.4418928089474,2629.0,754.95,7871.0999999999985,268,12124,0.7392857142857143,False,50,True,all_complete_tissues
v10,Muscle - Skeletal,0.5,0.01,818,59033,56801,6,28,14,7,7,0.0118,3.769708862754537,9999,71,64,121,261,273,28,2.6161616161616164,3.019818982922777,2.0,0.0,11.0,0,63,0.048846153846153845,True,50,True,all_complete_tissues
v10,Nerve - Tibial,0.5,0.01,670,59033,57119,6,23,1144,1038,106,0.0004,7.196710932603003,9999,58,59,99,204,227,23,266.13671367136715,121.98117925671852,237.0,121.0,584.0499999999993,65,1528,0.006666666666666667,True,50,True,all_complete_tissues
v10,Ovary,0.5,0.01,193,59033,54897,6,5,3300,1832,1468,0.0072,3.3697071368839633,9999,26,15,40,62,45,5,1270.6033603360336,602.2471856532288,1147.0,460.0,2794.0499999999993,205,5561,0.036,True,50,True,all_complete_tissues
v10,Pancreas,0.5,0.01,362,59033,55146,6,5,1029,1018,11,0.0493,1.937524685838244,9999,37,36,73,126,85,5,246.83378337833784,403.6935489589742,94.0,9.0,1354.0499999999993,0,4930,0.11295454545454545,False,50,True,all_complete_tissues
v10,Pituitary,0.5,0.01,313,59033,56097,6,8,425,36,389,0.8406,-0.9041252737808269,9999,8,8,27,98,152,20,878.3309330933093,501.4027881308883,766.0,241.0,2165.0999999999985,81,4252,0.8406,False,50,True,all_complete_tissues
v10,Prostate,0.5,0.01,282,59033,55753,6,7,652,304,348,0.2438,0.37524463692145865,9999,31,32,44,81,87,7,485.4885488548855,443.7410551985225,347.0,53.0,1704.0499999999993,14,4249,0.3429166666666667,False,50,True,all_complete_tissues
v10,Skin - Not Sun Exposed (Suprapubic),0.5,0.01,651,59033,56857,6,26,225,99,126,0.1381,0.8882336209457692,9999,53,57,98,201,216,26,139.44514451445144,96.3202174158324,114.0,38.0,406.0,10,1068,0.23616666666666666,False,50,True,all_complete_tissues
v10,Skin - Sun Exposed (Lower leg),0.5,0.01,754,59033,57125,6,29,389,323,66,0.0392,2.226737363157191,9999,65,61,105,237,257,29,177.2832283228323,95.07936372746896,153.0,71.0,433.0,29,900,0.1031578947368421,False,50,True,all_complete_tissues
v10,Small Intestine - Terminal Ileum,0.5,0.01,207,59033,54942,6,4,2374,2155,219,0.0497,1.9839844652331937,9999,33,24,44,61,41,4,758.3645364536453,814.3387671921392,491.0,80.0,3172.199999999997,15,8505,0.11295454545454545,False,50,True,all_complete_tissues
v10,Spleen,0.5,0.01,277,59033,55271,6,4,945,762,183,0.3185,0.06045641533886723,9999,28,35,53,93,64,4,897.1061106110611,792.2052460518288,665.0,163.0,3195.0999999999985,58,7872,0.4083333333333333,False,50,True,all_complete_tissues
v10,Stomach,0.5,0.01,407,59033,55878,6,7,63,4,59,0.5753,-0.4020527199100657,9999,56,42,72,138,92,7,186.001700170017,305.93425707337826,79.0,9.0,1031.1499999999978,0,4885,0.6253260869565217,False,50,True,all_complete_tissues
v10,Testis,0.5,0.01,414,59033,57647,6,10,1146,76,1070,0.2469,0.41386996226916045,9999,41,35,59,139,130,10,906.4328432843284,578.8464458792228,745.0,267.0,2448.149999999998,128,5371,0.3429166666666667,False,50,True,all_complete_tissues
v10,Thyroid,0.5,0.01,684,59033,57002,6,22,1057,770,287,0.0042,4.3393726792252645,9999,51,51,111,225,224,22,371.0769076907691,158.06964347475522,335.0,171.0,779.0499999999993,111,1664,0.03,True,50,True,all_complete_tissues
v10,Uterus,0.5,0.01,153,59033,54120,6,2,3195,2075,1120,0.3613,0.11469956440541454,9999,21,17,36,47,30,2,3044.921192119212,1308.45141966122,2769.0,1266.95,6401.149999999998,660,9309,0.42604651162790697,False,50,True,all_complete_tissues
v10,Vagina,0.5,0.01,170,59033,54458,6,5,3575,3313,262,0.0201,3.150069533577373,9999,17,13,39,53,43,5,1100.1813181318132,785.6393820798177,864.0,319.0,3330.0999999999985,145,6634,0.0628125,False,50,True,all_complete_tissues
v10,Whole Blood,0.5,0.01,803,59033,56094,6,26,25,0,25,0.0051,6.285215551564513,9999,70,66,116,256,269,26,0.8944894489448945,3.8352718937467105,0.0,0.0,9.0,0,105,0.031875,True,50,True,all_complete_tissues
