version,tissue,tau,epsilon,n_samples_real,n_genes_after_epsilon,n_min_age_bin,real_switching,smote_applied,smote_target_policy,smote_target_n,smote_targeted_bins,smote_sampling_strategy,singleton_bins_not_oversampled,k_neighbors,n_smote_seeds,jaccard_mean,jaccard_min,jaccard_max,smote_empirical_p_value,smote_test_observed,n_smote_permutations,n_20_29,n_30_39,n_40_49,n_50_59,n_60_69,n_70_79,smote_mean,smote_std,smote_median,smote_q025,smote_q975,smote_min,smote_max,smote_null_mean,smote_null_std,smote_null_median,smote_null_q025,smote_null_q975,smote_null_min,smote_null_max,smote_q_value_bh,smote_significant_bh_0_05,smote_bh_eligible,smote_bh_family_size
v10,Adipose - Subcutaneous,0.5,0.01,714,56867,23,84,False,fixed-floor,20,,,,,20,1.0,1.0,1.0,,,0,57,60,109,232,233,23,84.0,0.0,84.0,84.0,84.0,84,84,,,,,,,,,False,False,
v10,Adipose - Visceral (Omentum),0.5,0.01,587,56562,21,39,False,fixed-floor,20,,,,,20,1.0,1.0,1.0,,,0,53,52,90,196,175,21,39.0,0.0,39.0,39.0,39.0,39,39,,,,,,,,,False,False,
v10,Adrenal Gland,0.5,0.01,295,55113,5,991,True,fixed-floor,20,70-79,70-79:20,,4.0,20,0.8419687665164638,0.6871416871416871,0.9548133595284872,0.3213,963.0,9999,25,22,51,103,89,5,1001.1,46.14496608230244,995.5,953.325,1104.725,950,1109,858.076407640764,664.625519355563,668.0,132.95000000000002,2676.0999999999985,21.0,4447.0,0.447525,False,True,39.0
v10,Artery - Aorta,0.5,0.01,472,56241,9,1361,True,fixed-floor,20,70-79,70-79:20,,5.0,20,0.7819147349118309,0.6549893842887473,0.8664310954063604,0.0447,1103.0,9999,39,42,77,161,144,9,1417.95,192.40622459566606,1397.0,1144.225,1753.2,1139,1757,530.9837983798379,274.7569566263549,464.0,200.0,1234.0,77.0,2661.0,0.12168000000000001,False,True,39.0
v10,Artery - Coronary,0.5,0.01,268,55361,6,784,True,fixed-floor,20,"20-29,30-39,70-79","20-29:20,30-39:20,70-79:20",,5.0,20,0.6863783211092097,0.6155268022181146,0.7449521785334751,0.22,972.0,9999,16,13,42,105,86,6,840.0,97.7219471120404,845.0,667.5,987.6249999999999,639,1009,736.6203620362036,367.6604837831992,669.0,218.0,1643.0,56.0,3469.0,0.3575,False,True,39.0
v10,Artery - Tibial,0.5,0.01,691,56728,21,893,False,fixed-floor,20,,,,,20,1.0,1.0,1.0,,,0,59,60,118,224,209,21,893.0,0.0,893.0,893.0,893.0,893,893,,,,,,,,,False,False,
v10,Bladder,0.5,0.01,77,51919,1,4969,True,fixed-floor,20,"20-29,30-39,60-69","20-29:20,30-39:20,60-69:20",70-79,5.0,20,0.8990016439565831,0.8390218156228009,0.9320141065830722,0.4675,5246.0,9999,12,9,20,23,12,1,5125.55,207.72818144975187,5133.0,4844.225,5448.849999999999,4801,5484,5394.996699669967,2195.4309487887085,5080.0,2182.95,10806.199999999997,1211.0,12987.0,0.5209285714285715,False,True,39.0
v10,Brain - Amygdala,0.5,0.01,181,54012,3,1638,True,fixed-floor,20,"20-29,30-39,40-49,70-79","20-29:20,30-39:20,40-49:20,70-79:20",,2.0,20,0.6572236926674215,0.31183991106170095,0.9347699475829936,0.1982,3251.0,9999,3,5,15,57,91,10,1730.3,734.0193673050782,1686.5,739.1,3179.999999999998,722,3731,1850.950095009501,2409.1980697065064,767.0,41.0,8860.199999999983,8.0,14347.0,0.3575,False,True,39.0
v10,Brain - Anterior cingulate cortex (BA24),0.5,0.01,233,54896,7,1417,True,fixed-floor,20,"20-29,30-39,70-79","20-29:20,30-39:20,70-79:20",,5.0,20,0.724970484109322,0.5913829047949966,0.8655804480651731,0.2576,944.0,9999,7,7,25,62,119,13,1193.75,212.44835285682717,1155.5,897.225,1679.2999999999997,873,1799,771.5586558655865,994.5068705232444,403.0,29.950000000000017,3730.749999999989,2.0,9442.0,0.401856,False,True,39.0
v10,Brain - Caudate (basal ganglia),0.5,0.01,300,55433,6,3064,True,fixed-floor,20,"20-29,30-39,70-79","20-29:20,30-39:20,70-79:20",,5.0,20,0.8014899766647752,0.6467646139418568,0.9093711467324291,0.0381,2836.0,9999,6,9,31,86,153,15,3041.0,498.627273516739,3026.0,2206.375,3831.3,2204,3837,583.5359535953595,907.5940352762583,203.0,5.0,3463.0499999999993,0.0,8075.0,0.1143,False,True,39.0
v10,Brain - Cerebellar Hemisphere,0.5,0.01,277,55173,7,5673,True,fixed-floor,20,"20-29,30-39,70-79","20-29:20,30-39:20,70-79:20",,5.0,20,0.8382135119422713,0.7530227309366435,0.8825999328182734,0.0015,5969.0,9999,8,7,26,88,133,15,5860.45,415.7975816997598,5847.5,5103.875,6492.075,5016,6503,1476.2495249524952,994.1142359237883,1220.0,253.0,4072.199999999997,13.0,6672.0,0.0195,True,True,39.0
v10,Brain - Cerebellum,0.5,0.01,266,55364,8,4318,True,fixed-floor,20,"20-29,30-39,70-79","20-29:20,30-39:20,70-79:20",,5.0,20,0.809590687375126,0.7126775199168687,0.8948618307426598,0.0093,4540.0,9999,8,9,24,81,131,13,4651.6,431.96471590799365,4627.0,3876.55,5466.5,3754,5571,1640.2417241724172,852.2167320270923,1459.0,488.90000000000003,3827.0,47.0,6836.0,0.06017142857142858,False,True,39.0
v10,Brain - Cortex,0.5,0.01,270,55487,7,2378,True,fixed-floor,20,"20-29,30-39,70-79","20-29:20,30-39:20,70-79:20",,5.0,20,0.7828256597272787,0.5763125763125763,0.875962707742197,0.1025,2542.0,9999,7,8,25,84,129,17,2485.85,486.29320535963416,2333.0,1723.475,3419.9249999999997,1495,3447,1132.2958295829583,1039.0336917040315,797.0,101.0,3927.0999999999985,8.0,8201.0,0.2220833333333333,False,True,39.0
v10,Brain - Frontal Cortex (BA9),0.5,0.01,269,55269,5,1449,True,fixed-floor,20,"20-29,30-39,70-79","20-29:20,30-39:20,70-79:20",,4.0,20,0.7132309850963925,0.5134443021766966,0.8672839506172839,0.3092,1097.0,9999,5,8,23,83,138,12,1630.3,407.1179966028212,1654.5,941.125,2375.0499999999997,915,2528,959.2968296829683,1038.8009342396385,598.0,33.0,3836.0999999999985,2.0,8989.0,0.447525,False,True,39.0
v10,Brain - Hippocampus,0.5,0.01,255,55524,4,3455,True,fixed-floor,20,"20-29,30-39,70-79","20-29:20,30-39:20,70-79:20",,3.0,20,0.8833869140297488,0.8013084565059365,0.9881776239907728,0.0468,3320.0,9999,4,8,25,75,128,15,3598.15,212.0814826031681,3593.5,3255.75,3947.65,3232,3979,655.9212921292129,1151.2244307013552,163.0,7.0,4384.349999999995,0.0,11048.0,0.12168000000000001,False,True,39.0
v10,Brain - Hypothalamus,0.5,0.01,257,55316,4,1690,True,fixed-floor,20,"20-29,30-39,70-79","20-29:20,30-39:20,70-79:20",,3.0,20,0.6149254538799729,0.31969860064585576,0.8285565398645127,0.2181,1338.0,9999,4,8,21,82,131,11,1571.35,611.1560464872247,1401.0,759.9,2931.0499999999993,758,3179,926.7782778277827,1383.314784965105,359.0,9.0,5176.0999999999985,1.0,11406.0,0.3575,False,True,39.0
v10,Brain - Nucleus accumbens (basal ganglia),0.5,0.01,285,55438,8,1566,True,fixed-floor,20,"20-29,30-39,70-79","20-29:20,30-39:20,70-79:20",,5.0,20,0.7110686074541566,0.5176252319109462,0.8642736960179472,0.1503,1490.0,9999,8,8,24,88,141,16,1751.0,442.0785831548623,1730.5,963.525,2427.9,888,2445,735.1438143814381,1001.1519064295095,353.0,9.0,3673.0,0.0,8947.0,0.293085,False,True,39.0
v10,Brain - Putamen (basal ganglia),0.5,0.01,254,54784,5,131,True,fixed-floor,20,"20-29,30-39,70-79","20-29:20,30-39:20,70-79:20",,4.0,20,0.6374355376518535,0.3595505617977528,0.8896551724137931,0.4607,127.0,9999,5,8,22,82,126,11,162.3,74.69876346471804,143.0,70.225,317.8499999999999,65,353,371.13851385138514,685.9056045954973,104.0,6.0,2500.0,0.0,7697.0,0.5209285714285715,False,True,39.0
v10,Brain - Spinal cord (cervical c-1),0.5,0.01,204,54408,3,6414,True,fixed-floor,20,"20-29,30-39,40-49,70-79","20-29:20,30-39:20,40-49:20,70-79:20",,2.0,20,0.839410827106607,0.6612212104981253,0.935459492140266,0.0699,6114.0,9999,3,5,19,61,102,14,6163.75,473.49594284928867,6228.0,5282.45,6823.95,5101,6861,2117.5142514251424,2133.6672303669816,1363.0,45.0,7600.499999999993,3.0,11629.0,0.16035882352941178,False,True,39.0
v10,Brain - Substantia nigra,0.5,0.01,183,54082,4,2288,True,fixed-floor,20,"20-29,30-39,40-49,70-79","20-29:20,30-39:20,40-49:20,70-79:20",,3.0,20,0.7175370319470117,0.43694779116465865,0.9162128194386259,0.0362,2472.0,9999,4,7,16,51,97,8,2321.0,692.9390494955451,2300.5,1441.525,3922.5749999999985,1290,4418,569.6621662166217,803.6703048337187,275.0,14.0,2908.2999999999956,0.0,8296.0,0.1143,False,True,39.0
v10,Breast - Mammary Tissue,0.5,0.01,514,56837,18,147,True,fixed-floor,20,70-79,70-79:20,,5.0,20,0.9778801466656718,0.9533333333333334,0.9932432432432432,0.3542,149.0,9999,45,56,86,151,158,18,147.2,1.3992479182911457,147.0,145.0,149.525,145,150,160.15151515151516,171.49771846570536,104.0,22.0,640.0499999999993,3.0,2089.0,0.45393636363636364,False,True,39.0
v10,Cells - Cultured fibroblasts,0.5,0.01,652,56133,21,549,False,fixed-floor,20,,,,,20,1.0,1.0,1.0,,,0,60,53,106,202,210,21,549.0,0.0,549.0,549.0,549.0,549,549,,,,,,,,,False,False,
v10,Cells - EBV-transformed lymphocytes,0.5,0.01,327,55727,8,1321,True,fixed-floor,20,70-79,70-79:20,,5.0,20,0.7179685464642965,0.5728672985781991,0.864808362369338,0.2118,1296.0,9999,37,32,58,102,90,8,1423.7,100.80314322584653,1414.5,1285.95,1593.3,1285,1599,1076.962496249625,303.09914667011486,1029.0,616.0,1789.0499999999993,402.0,2940.0,0.3575,False,True,39.0
v10,Colon - Sigmoid,0.5,0.01,419,56146,14,2423,True,fixed-floor,20,70-79,70-79:20,,5.0,20,0.8077654740104245,0.7120481927710843,0.9065784351887894,0.0003,2606.0,9999,40,42,63,121,139,14,2401.75,317.12439448731686,2323.0,1879.425,2972.225,1840,2986,688.1273127312732,319.6617597105002,613.0,287.0,1526.0,152.0,2693.0,0.011699999999999999,True,True,39.0
v10,Colon - Transverse,0.5,0.01,479,56342,11,1659,True,fixed-floor,20,70-79,70-79:20,,5.0,20,0.7506981249461899,0.6167164179104477,0.8553326293558606,0.0009,2081.0,9999,61,53,85,156,113,11,1889.8,366.88641580912093,1857.0,1239.475,2445.85,1049,2481,204.28932893289328,233.34375170214307,128.0,31.0,864.0499999999993,10.0,3231.0,0.01755,True,True,39.0
v10,Esophagus - Gastroesophageal Junction,0.5,0.01,403,55855,12,1130,True,fixed-floor,20,70-79,70-79:20,,5.0,20,0.9235683216864418,0.8195004029008863,0.9616724738675958,0.0682,1194.0,9999,39,36,73,142,101,12,1154.3,33.23457299417676,1145.0,1109.175,1219.525,1103,1220,570.6225622562256,360.1373634310988,476.0,157.0,1542.0999999999985,43.0,2872.0,0.16035882352941178,False,True,39.0
v10,Esophagus - Mucosa,0.5,0.01,614,56416,17,730,True,fixed-floor,20,70-79,70-79:20,,5.0,20,0.934075885775503,0.8939393939393939,0.9728997289972899,0.0262,749.0,9999,62,56,112,197,170,17,745.05,23.089015387819103,741.5,710.7,780.625,705,783,264.61956195619564,175.7401365667167,213.0,82.0,755.1499999999978,28.0,1696.0,0.10218,False,True,39.0
v10,Esophagus - Muscularis,0.5,0.01,561,56472,13,645,True,fixed-floor,20,70-79,70-79:20,,5.0,20,0.808282283258181,0.716931216931217,0.8878923766816144,0.1351,705.0,9999,67,55,102,175,149,13,674.85,55.5018017725551,660.0,594.225,767.125,589,779,417.4363436343634,285.53496067211375,334.0,111.0,1185.0,23.0,2586.0,0.2773105263157895,False,True,39.0
v10,Heart - Atrial Appendage,0.5,0.01,461,56061,15,170,True,fixed-floor,20,"20-29,30-39,70-79","20-29:20,30-39:20,70-79:20",,5.0,20,0.6780553595555854,0.5328947368421053,0.8064516129032258,0.3841,152.0,9999,15,17,63,166,181,19,186.1,56.84595990828844,184.5,103.425,288.875,102,296,176.74467446744674,217.0624904038918,100.0,4.0,779.0,0.0,2170.0,0.45393636363636364,False,True,39.0
v10,Heart - Left Ventricle,0.5,0.01,452,55431,14,289,True,fixed-floor,20,70-79,70-79:20,,5.0,20,0.9986177067175754,0.9965397923875432,1.0,0.0251,289.0,9999,20,25,67,159,167,14,288.9,0.6407232755171873,289.0,288.0,290.0,288,290,37.83608360836084,83.7226870792485,6.0,0.0,288.0499999999993,0.0,1438.0,0.10218,False,True,39.0
v10,Kidney - Cortex,0.5,0.01,104,52701,1,994,True,fixed-floor,20,"30-39,40-49,70-79","30-39:20,40-49:20,70-79:20",20-29,5.0,20,0.8974987008172176,0.8405545927209706,0.949119373776908,0.6468,1008.0,9999,1,8,10,37,41,7,1032.55,55.02963316537545,1011.0,958.7,1125.725,953,1130,3464.3483348334835,4117.060010298691,1459.0,246.0,13685.0,187.0,20020.0,0.6817621621621622,False,True,39.0
v10,Liver,0.5,0.01,262,54271,6,2254,True,fixed-floor,20,"20-29,30-39,70-79","20-29:20,30-39:20,70-79:20",,5.0,20,0.6131069233414035,0.3533440773569702,0.7172115005907838,0.0052,2249.0,9999,8,18,38,99,93,6,2129.8,725.0269396083808,1956.0,1183.85,3380.85,1105,3435,435.38043804380436,384.53581971085123,327.0,47.0,1472.0,7.0,4277.0,0.050699999999999995,False,True,39.0
v10,Lung,0.5,0.01,604,56839,22,528,False,fixed-floor,20,,,,,20,1.0,1.0,1.0,,,0,35,44,94,211,198,22,528.0,0.0,528.0,528.0,528.0,528,528,,,,,,,,,False,False,
v10,Minor Salivary Gland,0.5,0.01,181,54566,2,1754,True,fixed-floor,20,"20-29,30-39,70-79","20-29:20,30-39:20,70-79:20",,1.0,20,0.707146667586791,0.4317476732161324,0.8552631578947368,0.6748,1800.0,9999,17,16,33,56,57,2,1620.65,315.36316158392776,1543.0,1085.775,2185.9999999999995,1015,2319,3007.06900690069,1930.4237062302252,2521.0,602.95,7799.199999999997,233.0,11990.0,0.6925578947368422,False,True,39.0
v10,Muscle - Skeletal,0.5,0.01,818,56801,28,14,False,fixed-floor,20,,,,,20,1.0,1.0,1.0,,,0,71,64,121,261,273,28,14.0,0.0,14.0,14.0,14.0,14,14,,,,,,,,,False,False,
v10,Nerve - Tibial,0.5,0.01,670,57119,23,1144,False,fixed-floor,20,,,,,20,1.0,1.0,1.0,,,0,58,59,99,204,227,23,1144.0,0.0,1144.0,1144.0,1144.0,1144,1144,,,,,,,,,False,False,
v10,Ovary,0.5,0.01,193,54897,5,3300,True,fixed-floor,20,"30-39,70-79","30-39:20,70-79:20",,4.0,20,0.8170336789615341,0.7311647931116958,0.8653576437587658,0.0095,3339.0,9999,26,15,40,62,45,5,3372.8,341.43622352767744,3381.0,2851.45,3892.3999999999996,2822,3938,1308.7154715471547,642.345964429807,1168.0,463.0,2913.0499999999993,246.0,4891.0,0.06017142857142858,False,True,39.0
v10,Pancreas,0.5,0.01,362,55146,5,1029,True,fixed-floor,20,70-79,70-79:20,,4.0,20,0.6753812228678236,0.5162187210379982,0.8735832606800349,0.0291,1337.0,9999,37,36,73,126,85,5,1155.9,360.29021927504937,1092.5,622.2,1838.6,607,1850,261.6108610861086,424.01995055627106,102.0,11.0,1426.0999999999985,1.0,6584.0,0.10317272727272728,False,True,39.0
v10,Pituitary,0.5,0.01,313,56097,8,425,True,fixed-floor,20,"20-29,30-39","20-29:20,30-39:20",,5.0,20,0.5498415444402471,0.3815789473684211,0.7054263565891473,0.9848,227.0,9999,8,8,27,98,152,20,428.55,111.9649733763104,409.0,281.2,641.7249999999998,266,722,948.2044204420442,545.3396452507355,822.0,257.0,2353.0499999999993,51.0,4752.0,0.9848000000000001,False,True,39.0
v10,Prostate,0.5,0.01,282,55753,7,652,True,fixed-floor,20,70-79,70-79:20,,5.0,20,0.6736507349440453,0.5427312775330396,0.8744769874476988,0.3784,463.0,9999,31,32,44,81,87,7,602.0,217.13275105093513,503.5,407.125,1070.0249999999999,400,1099,490.8856885688569,450.500046495649,348.0,54.0,1716.0999999999985,9.0,4349.0,0.45393636363636364,False,True,39.0
v10,Skin - Not Sun Exposed (Suprapubic),0.5,0.01,651,56857,26,225,False,fixed-floor,20,,,,,20,1.0,1.0,1.0,,,0,53,57,98,201,216,26,225.0,0.0,225.0,225.0,225.0,225,225,,,,,,,,,False,False,
v10,Skin - Sun Exposed (Lower leg),0.5,0.01,754,57125,29,389,False,fixed-floor,20,,,,,20,1.0,1.0,1.0,,,0,65,61,105,237,257,29,389.0,0.0,389.0,389.0,389.0,389,389,,,,,,,,,False,False,
v10,Small Intestine - Terminal Ileum,0.5,0.01,207,54942,4,2374,True,fixed-floor,20,70-79,70-79:20,,3.0,20,0.6589091986535528,0.4658333333333333,0.8831168831168831,0.0108,4067.0,9999,33,24,44,61,41,4,2448.65,862.340101120202,2646.5,1161.575,3815.724999999999,1144,4143,778.0567056705671,823.9122219961903,513.0,85.0,3227.199999999997,19.0,7244.0,0.06017142857142858,False,True,39.0
v10,Spleen,0.5,0.01,277,55271,4,945,True,fixed-floor,20,70-79,70-79:20,,3.0,20,0.6344660655753946,0.30529054640069386,0.9380804953560371,0.3655,940.0,9999,28,35,53,93,64,4,1034.5,528.4511131101613,869.5,535.325,2290.424999999999,513,2745,986.5956595659566,871.9491385884957,715.0,171.0,3475.0999999999985,63.0,8963.0,0.45393636363636364,False,True,39.0
v10,Stomach,0.5,0.01,407,55878,7,63,True,fixed-floor,20,70-79,70-79:20,,5.0,20,0.8797496918541293,0.7368421052631579,0.9545454545454546,0.5923,64.0,9999,56,42,72,138,92,7,66.05,2.9285347512832565,65.5,62.475,72.625,62,75,191.12181218121813,306.39211051910917,86.0,10.0,1007.1499999999978,1.0,3508.0,0.6416583333333334,False,True,39.0
v10,Testis,0.5,0.01,414,57647,10,1146,True,fixed-floor,20,70-79,70-79:20,,5.0,20,0.9089837505106042,0.7929089443996776,0.950168918918919,0.3198,1135.0,9999,41,35,59,139,130,10,1141.55,31.23842943690048,1141.5,1089.45,1195.75,1079,1210,1023.8576857685769,651.1284465445084,839.0,284.0,2760.0999999999985,117.0,5273.0,0.447525,False,True,39.0
v10,Thyroid,0.5,0.01,684,57002,22,1057,False,fixed-floor,20,,,,,20,1.0,1.0,1.0,,,0,51,51,111,225,224,22,1057.0,0.0,1057.0,1057.0,1057.0,1057,1057,,,,,,,,,False,False,
v10,Uterus,0.5,0.01,153,54120,2,3195,True,fixed-floor,20,"30-39,70-79","30-39:20,70-79:20",,1.0,20,0.8496846441114373,0.6409043112513144,0.9308626596075988,0.3836,2970.0,9999,21,17,36,47,30,2,3045.55,57.20183563488151,3032.5,2973.2,3179.8,2958,3195,2910.2268226822684,1292.8187279001095,2626.0,1164.0,6286.149999999998,565.0,8759.0,0.45393636363636364,False,True,39.0
v10,Vagina,0.5,0.01,170,54458,5,3575,True,fixed-floor,20,"20-29,30-39,70-79","20-29:20,30-39:20,70-79:20",,4.0,20,0.7303156169907004,0.5445544554455446,0.8542153047989623,0.0153,4044.0,9999,17,13,39,53,43,5,3644.2,825.5827670580085,3590.0,2390.05,5052.474999999999,2353,5204,1174.8043804380438,845.7675218859075,919.0,326.0,3609.0499999999993,156.0,8276.0,0.0745875,False,True,39.0
v10,Whole Blood,0.5,0.01,803,56094,26,25,False,fixed-floor,20,,,,,20,1.0,1.0,1.0,,,0,70,66,116,256,269,26,25.0,0.0,25.0,25.0,25.0,25,25,,,,,,,,,False,False,
